R0,RE_Tg,Tg,S_Tg,peak_I_total,peak_time,cumulative_I_person_time,note
2.7199999999999998,1.4320604993911663,30.0,0.8379523109369026,0.07871624071707436,52.800000000000004,5.143993668440663,Equation-level reference only; not used for manuscript AnyLogic results.
